{
  "train_loss": [
    0.4309630267895185,
    0.221433096493666,
    0.14948237200195974,
    0.11164710527429214,
    0.08695570150246987,
    0.0718660201304234,
    0.060909707099199295,
    0.05128059980387871,
    0.04532307701615187,
    0.04067303140002947,
    0.03615961825618377,
    0.033223516307771206,
    0.0310131713676338,
    0.02869531472858328,
    0.027265407861425325,
    0.025516096180161603,
    0.02410579899039406,
    0.02307554939761758,
    0.02192198488718042,
    0.02110959908280235,
    0.020655437300984677,
    0.01957034430681513,
    0.0189816290870882,
    0.018300287425518036,
    0.018076756073591802,
    0.017517055492275037,
    0.01710384525358677,
    0.016882851630306013,
    0.016312946780369833,
    0.015898416803863186,
    0.015609154137424551,
    0.015274403169034766,
    0.015142649304694854,
    0.01485015951598493,
    0.014562755196283642,
    0.014293304125133615,
    0.01414148618753713,
    0.013898942852392793,
    0.013750805268780543,
    0.013481014873832464,
    0.013463594825365223,
    0.013328164905452957,
    0.013089905618331753,
    0.01290796260134532,
    0.012811866553070454,
    0.012572377579859816,
    0.012436877201812772,
    0.012304688660571208,
    0.01219923822925641,
    0.012139718155734815
  ],
  "val_miou": [
    0.6933360637889259,
    0.734081046068302,
    0.7796302254096705,
    0.810816761180535,
    0.8117474220783285,
    0.7958195881493555,
    0.8266157184741351,
    0.8268344942984402,
    0.8312005755160892,
    0.8306148446601005,
    0.8448172412213139,
    0.8415432982603923,
    0.8459271200521932,
    0.8453230853411258,
    0.8521747688025546,
    0.855755557415117,
    0.8492596960063197,
    0.851315538902875,
    0.855951445970651,
    0.8575088561822645,
    0.8655682606255193,
    0.8609126185040596,
    0.8687377534018829,
    0.8619564031741922,
    0.8659184627188563,
    0.8687125913853151,
    0.8698228018774936,
    0.8636363917584181,
    0.8724942188018261,
    0.8718236319243051,
    0.8758904201269493,
    0.8733696016733176,
    0.873274386045505,
    0.8769656999766915,
    0.8761192732033245,
    0.879558429958559,
    0.8798983678462748,
    0.8778635618702451,
    0.8809190908969518,
    0.8794379829649437,
    0.8846160444620612,
    0.8840870546732827,
    0.8847581114633507,
    0.8864924157321773,
    0.8876629392140871,
    0.8850882976919174,
    0.887221889542247,
    0.8885155255556441,
    0.8860453047939618,
    0.8891184769723406
  ],
  "val_iou_per_class": [
    [
      0.9817203599525592,
      0.4049517676252925
    ],
    [
      0.9881393088681899,
      0.48002278326841413
    ],
    [
      0.9905734902844695,
      0.5686869605348714
    ],
    [
      0.9916658425072945,
      0.6299676798537756
    ],
    [
      0.9920242686763672,
      0.6314705754802897
    ],
    [
      0.9917456779907431,
      0.599893498307968
    ],
    [
      0.9926990681498811,
      0.6605323687983891
    ],
    [
      0.9928399660479795,
      0.660829022548901
    ],
    [
      0.9930561050800601,
      0.6693450459521182
    ],
    [
      0.9930946362724119,
      0.668135053047789
    ],
    [
      0.993484897566604,
      0.6961495848760237
    ],
    [
      0.9934756799484081,
      0.6896109165723765
    ],
    [
      0.9936174544389652,
      0.698236785665421
    ],
    [
      0.9936450383579768,
      0.6970011323242747
    ],
    [
      0.9938224336553971,
      0.7105271039497121
    ],
    [
      0.9939440094170787,
      0.7175671054131554
    ],
    [
      0.9938365962362669,
      0.7046827957763725
    ],
    [
      0.9939142767004993,
      0.7087168011052507
    ],
    [
      0.9940585976697945,
      0.7178442942715075
    ],
    [
      0.9941293827730862,
      0.7208883295914428
    ],
    [
      0.9943208454792286,
      0.73681567577181
    ],
    [
      0.9942582751119897,
      0.7275669618961297
    ],
    [
      0.994447927143221,
      0.7430275796605447
    ],
    [
      0.9943400075240456,
      0.7295727988243389
    ],
    [
      0.9944509613061654,
      0.7373859641315473
    ],
    [
      0.9945422152653799,
      0.7428829675052504
    ],
    [
      0.9945982568002675,
      0.7450473469547199
    ],
    [
      0.9944501384964998,
      0.7328226450203364
    ],
    [
      0.9946961476803915,
      0.7502922899232606
    ],
    [
      0.9947022553355822,
      0.748945008513028
    ],
    [
      0.9948177291671042,
      0.7569631110867943
    ],
    [
      0.9947744045409613,
      0.7519647988056738
    ],
    [
      0.9947892468178287,
      0.7517595252731812
    ],
    [
      0.9948846621678529,
      0.7590467377855302
    ],
    [
      0.9948933747406945,
      0.7573451716659545
    ],
    [
      0.9949940063869145,
      0.7641228535302035
    ],
    [
      0.9950117226662628,
      0.7647850130262869
    ],
    [
      0.9949785319664661,
      0.7607485917740241
    ],
    [
      0.9950647972359824,
      0.7667733845579211
    ],
    [
      0.9950427001210811,
      0.7638332658088064
    ],
    [
      0.9951713444957089,
      0.7740607444284137
    ],
    [
      0.995179175411024,
      0.7729949339355415
    ],
    [
      0.9952071651181816,
      0.7743090578085198
    ],
    [
      0.9952548676010922,
      0.7777299638632624
    ],
    [
      0.9952858895322965,
      0.7800399888958778
    ],
    [
      0.9952545242784051,
      0.7749220711054299
    ],
    [
      0.9953150883557997,
      0.7791286907286943
    ],
    [
      0.9953441305455325,
      0.7816869205657556
    ],
    [
      0.9953118881131515,
      0.776778721474772
    ],
    [
      0.995391378180224,
      0.7828455757644571
    ]
  ],
  "best_miou": 0.8891184769723406,
  "best_epoch": 50
}