{
  "epoch": 50,
  "final_miou": 0.8891184769723406,
  "best_miou": 0.8891184769723406,
  "best_epoch": 50
}