{
  "epoch": 7,
  "miou": 0.7982255254469565,
  "iou_per_class": {
    "background": 0.9927228657154267,
    "Baton": 0.7703450292114287,
    "Bullet": 0.6316086814140142
  },
  "train_loss": 0.020094557865265688,
  "confusion_matrix": [
    [
      165907572,
      346249,
      106316
    ],
    [
      496021,
      2861556,
      3340
    ],
    [
      267596,
      7476,
      659618
    ]
  ]
}