{
  "train_loss": [
    0.11900266477026822,
    0.040768499766116496,
    0.03224465335530737,
    0.028516601851107153,
    0.024079229722679393,
    0.021106966348376378,
    0.020094557865265688,
    0.018169018391382658,
    0.017433076691270973,
    0.016434254593278734,
    0.01840313969099997,
    0.016953215400111275,
    0.015812040992264003,
    0.01553566965268799,
    0.015276154777480781,
    0.017902358112273954,
    0.015861769946737707,
    0.018136515284951298,
    0.015566073386627107,
    0.018601724735112644,
    0.01832249746343658,
    0.017518444401012058,
    0.02280263550453848,
    0.019301023245703406,
    0.014850273002738968,
    0.015239861973795605,
    0.016163084287470653,
    0.016305350675676133,
    0.013885894318916863,
    0.01413898032867104,
    0.012784929966062673,
    0.013945523703733653,
    0.014737249377749267,
    0.01443451855823032,
    0.013379453027198103,
    0.014120687799173996,
    0.012400903781887395,
    0.01634458161353425,
    0.012000981349772288,
    0.014240168712096163,
    0.01348107518982485,
    0.014212386668345497,
    0.015099769421036075,
    0.013468620644459512,
    0.013418719281036795,
    0.012138922510245826,
    0.010388884636247816,
    0.009187524889715793,
    0.013468001626340523,
    0.01264135637806237
  ],
  "val_miou": [
    0.5279407669313544,
    0.6688558631043565,
    0.7310602919075585,
    0.7389490869166598,
    0.7671898437459568,
    0.7781072625157028,
    0.7982255254469565,
    0.7901945979153822,
    0.7807747103088588,
    0.7899237986264511,
    0.7893993826496875,
    0.7612929019876292,
    0.746300112085014,
    0.7003201671582516,
    0.3262164900246703,
    0.3249429389262163,
    0.3249429389262163,
    0.3249429389262163,
    0.3249429389262163,
    0.3249429389262163,
    0.3249429389262163,
    0.3249429389262163,
    0.3249429389262163,
    0.3249429389262163,
    0.3249429389262163,
    0.3249429389262163,
    0.3249429389262163,
    0.3249429389262163,
    0.3249429389262163,
    0.3249429389262163,
    0.3249429389262163,
    0.3249429389262163,
    0.3249429389262163,
    0.3249429389262163,
    0.3249429389262163,
    0.3249429389262163,
    0.3249429389262163,
    0.3249429389262163,
    0.3249429389262163,
    0.3249429389262163,
    0.3249429389262163,
    0.3249429389262163,
    0.3249429389262163,
    0.3249429389262163,
    0.3249429389262163,
    0.3249429389262163,
    0.3249429389262163,
    0.3249429389262163,
    0.3249429389262163,
    0.3249429389262163
  ],
  "val_iou_per_class": [
    [
      0.9838871528015207,
      0.529773266818012,
      0.07016188117453058
    ],
    [
      0.9873116643232747,
      0.59108699061194,
      0.42816893437785486
    ],
    [
      0.988391544717394,
      0.6870728207982649,
      0.5177165102070166
    ],
    [
      0.9906927164242297,
      0.7161786778713782,
      0.5099758664543715
    ],
    [
      0.9902180500265656,
      0.7048754154736127,
      0.6064760657376917
    ],
    [
      0.9920961262730899,
      0.7435673232821369,
      0.598658337991882
    ],
    [
      0.9927228657154267,
      0.7703450292114287,
      0.6316086814140142
    ],
    [
      0.9919885350234461,
      0.758031357181587,
      0.6205639015411134
    ],
    [
      0.9921924669692849,
      0.7530231343386163,
      0.5971085296186751
    ],
    [
      0.9919170056207733,
      0.7234504653995516,
      0.6544039248590282
    ],
    [
      0.9919563624595704,
      0.7351630524178072,
      0.641078733071685
    ],
    [
      0.9908743607054306,
      0.673970869873966,
      0.6190334753834912
    ],
    [
      0.9911748086836445,
      0.7116534334262445,
      0.5360720941451531
    ],
    [
      0.9889395668865075,
      0.6012838929841936,
      0.5107370416040538
    ],
    [
      0.9749007907701186,
      0.0037486793038923605,
      0.0
    ],
    [
      0.9748288167786489,
      0.0,
      0.0
    ],
    [
      0.9748288167786489,
      0.0,
      0.0
    ],
    [
      0.9748288167786489,
      0.0,
      0.0
    ],
    [
      0.9748288167786489,
      0.0,
      0.0
    ],
    [
      0.9748288167786489,
      0.0,
      0.0
    ],
    [
      0.9748288167786489,
      0.0,
      0.0
    ],
    [
      0.9748288167786489,
      0.0,
      0.0
    ],
    [
      0.9748288167786489,
      0.0,
      0.0
    ],
    [
      0.9748288167786489,
      0.0,
      0.0
    ],
    [
      0.9748288167786489,
      0.0,
      0.0
    ],
    [
      0.9748288167786489,
      0.0,
      0.0
    ],
    [
      0.9748288167786489,
      0.0,
      0.0
    ],
    [
      0.9748288167786489,
      0.0,
      0.0
    ],
    [
      0.9748288167786489,
      0.0,
      0.0
    ],
    [
      0.9748288167786489,
      0.0,
      0.0
    ],
    [
      0.9748288167786489,
      0.0,
      0.0
    ],
    [
      0.9748288167786489,
      0.0,
      0.0
    ],
    [
      0.9748288167786489,
      0.0,
      0.0
    ],
    [
      0.9748288167786489,
      0.0,
      0.0
    ],
    [
      0.9748288167786489,
      0.0,
      0.0
    ],
    [
      0.9748288167786489,
      0.0,
      0.0
    ],
    [
      0.9748288167786489,
      0.0,
      0.0
    ],
    [
      0.9748288167786489,
      0.0,
      0.0
    ],
    [
      0.9748288167786489,
      0.0,
      0.0
    ],
    [
      0.9748288167786489,
      0.0,
      0.0
    ],
    [
      0.9748288167786489,
      0.0,
      0.0
    ],
    [
      0.9748288167786489,
      0.0,
      0.0
    ],
    [
      0.9748288167786489,
      0.0,
      0.0
    ],
    [
      0.9748288167786489,
      0.0,
      0.0
    ],
    [
      0.9748288167786489,
      0.0,
      0.0
    ],
    [
      0.9748288167786489,
      0.0,
      0.0
    ],
    [
      0.9748288167786489,
      0.0,
      0.0
    ],
    [
      0.9748288167786489,
      0.0,
      0.0
    ],
    [
      0.9748288167786489,
      0.0,
      0.0
    ],
    [
      0.9748288167786489,
      0.0,
      0.0
    ]
  ],
  "best_miou": 0.7982255254469565,
  "best_epoch": 7
}