{
  "epoch": 50,
  "miou": 0.8891184769723406,
  "iou_background": 0.995391378180224,
  "iou_player": 0.7828455757644571,
  "train_loss": 0.012139718155734815,
  "confusion_matrix": [
    [
      26437164,
      60078
    ],
    [
      62325,
      441265
    ]
  ]
}