{
  "epoch": 50,
  "final_miou": 0.3249429389262163,
  "best_miou": 0.7982255254469565,
  "best_epoch": 7
}